{"accounts":[{"budgetGoal":199.0,"password":"tigbason","orderPath":"src\/ordersJson\/joshyreps_orders.json","level":7,"rank":"PREMIUM","expensesPath":"src\/expensesJson\/joshyreps_expenses.json","weeklyPerformance":[false,true,null,null,null,null,null],"username":"joshyreps"},{"budgetGoal":50.0,"password":"ash","orderPath":"src\/ordersJson\/mewtwo_orders.json","level":0,"rank":"BRONZE","expensesPath":"src\/expensesJson\/mewtwo_expenses.json","weeklyPerformance":[false,false,null,null,null,false,null],"username":"mewtwo"},{"budgetGoal":1000.0,"password":"bronny","orderPath":"src\/ordersJson\/lebron_orders.json","level":1,"rank":"BRONZE","expensesPath":"src\/expensesJson\/lebron_expenses.json","weeklyPerformance":[false,true,null,null,null,null,null],"username":"lebron"},{"budgetGoal":100.0,"password":"james","orderPath":"src\/ordersJson\/luka_orders.json","level":1,"rank":"BRONZE","expensesPath":"src\/expensesJson\/luka_expenses.json","weeklyPerformance":[true,null,null,null,null,null,null],"username":"luka"},{"budgetGoal":500.0,"password":"trump","orderPath":"src\/ordersJson\/donald_orders.json","level":0,"rank":"BRONZE","expensesPath":"src\/expensesJson\/donald_expenses.json","weeklyPerformance":[false,false,null,null,null,null,null],"username":"donald"}]}