{"expenses":[{"date":"2025-04-14","budgetGoal":50,"foodName":"Beef Tapa","monthBoughtInNum":4,"price":95,"weekYearBought":16,"type":"Foods"},{"date":"2025-04-14","budgetGoal":50,"foodName":"Chicken","monthBoughtInNum":4,"price":80,"weekYearBought":16,"type":"Foods"},{"date":"2025-04-14","budgetGoal":50,"foodName":"Longaniza","monthBoughtInNum":4,"price":75,"weekYearBought":16,"type":"Foods"},{"date":"2025-04-14","budgetGoal":50,"foodName":"Chicken","monthBoughtInNum":4,"price":80,"weekYearBought":16,"type":"Foods"},{"date":"2025-04-14","budgetGoal":50,"foodName":"Fried Bangus","monthBoughtInNum":4,"price":85,"weekYearBought":16,"type":"Foods"},{"date":"2025-04-14","budgetGoal":50,"foodName":"Chicken","monthBoughtInNum":4,"price":80,"weekYearBought":16,"type":"Foods"},{"date":"2025-04-14","budgetGoal":50,"foodName":"Sprite","monthBoughtInNum":4,"price":40,"weekYearBought":16,"type":"Drinks"},{"date":"2025-04-14","budgetGoal":50,"foodName":"Royal","monthBoughtInNum":4,"price":40,"weekYearBought":16,"type":"Drinks"},{"date":"2025-04-14","budgetGoal":50,"foodName":"Mango Float","monthBoughtInNum":4,"price":40,"weekYearBought":16,"type":"Desserts"},{"date":"2025-04-14","budgetGoal":50,"foodName":"Biko","monthBoughtInNum":4,"price":40,"weekYearBought":16,"type":"Desserts"},{"date":"2025-04-14","budgetGoal":50,"foodName":"Beef Tapa","monthBoughtInNum":4,"price":95,"weekYearBought":16,"type":"Foods"},{"date":"2025-04-14","budgetGoal":50,"foodName":"Fried Bangus","monthBoughtInNum":4,"price":85,"weekYearBought":16,"type":"Foods"},{"date":"2025-04-14","budgetGoal":50,"foodName":"Fish Fillet","monthBoughtInNum":4,"price":99,"weekYearBought":16,"type":"Foods"},{"date":"2025-04-14","budgetGoal":50,"foodName":"Chicken","monthBoughtInNum":4,"price":80,"weekYearBought":16,"type":"Foods"},{"date":"2025-04-14","budgetGoal":50,"foodName":"Chicken","monthBoughtInNum":4,"price":80,"weekYearBought":16,"type":"Foods"},{"date":"2025-04-14","budgetGoal":50,"foodName":"Pork Sisig","monthBoughtInNum":4,"price":90,"weekYearBought":16,"type":"Foods"},{"date":"2025-04-14","budgetGoal":50,"foodName":"Milktea Red Velvet","monthBoughtInNum":4,"price":40,"weekYearBought":16,"type":"Drinks"},{"date":"2025-04-14","budgetGoal":50,"foodName":"Milktea Okinawa","monthBoughtInNum":4,"price":40,"weekYearBought":16,"type":"Drinks"},{"date":"2025-04-14","budgetGoal":50,"foodName":"Rice with Egg","monthBoughtInNum":4,"price":40,"weekYearBought":16,"type":"Desserts"},{"date":"2025-04-14","budgetGoal":50,"foodName":"Tuna Bread","monthBoughtInNum":4,"price":40,"weekYearBought":16,"type":"Desserts"},{"date":"2025-04-14","budgetGoal":199,"foodName":"Chicken","monthBoughtInNum":4,"price":80,"weekYearBought":16,"type":"Foods"},{"date":"2025-04-14","budgetGoal":199,"foodName":"Fried Bangus","monthBoughtInNum":4,"price":85,"weekYearBought":16,"type":"Foods"},{"date":"2025-04-14","budgetGoal":199,"foodName":"Sprite","monthBoughtInNum":4,"price":40,"weekYearBought":16,"type":"Drinks"},{"date":"2025-04-14","budgetGoal":50,"foodName":"Beef Tapa","monthBoughtInNum":4,"price":95,"weekYearBought":16,"type":"Foods"},{"date":"2025-04-14","budgetGoal":50,"foodName":"Pork Sisig","monthBoughtInNum":4,"price":90,"weekYearBought":16,"type":"Foods"},{"date":"2025-04-14","budgetGoal":50,"foodName":"Longaniza","monthBoughtInNum":4,"price":75,"weekYearBought":16,"type":"Foods"},{"date":"2025-04-14","budgetGoal":199,"foodName":"Chicken","monthBoughtInNum":4,"price":80,"weekYearBought":16,"type":"Foods"},{"date":"2025-04-14","budgetGoal":199,"foodName":"Fried Bangus","monthBoughtInNum":4,"price":85,"weekYearBought":16,"type":"Foods"},{"date":"2025-04-14","budgetGoal":199,"foodName":"Chicken","monthBoughtInNum":4,"price":80,"weekYearBought":16,"type":"Foods"},{"date":"2025-04-14","budgetGoal":199,"foodName":"Fried Bangus","monthBoughtInNum":4,"price":85,"weekYearBought":16,"type":"Foods"},{"date":"2025-04-14","budgetGoal":199,"foodName":"Tocino with Egg","monthBoughtInNum":4,"price":80,"weekYearBought":16,"type":"Foods"},{"date":"2025-04-14","budgetGoal":100,"foodName":"Chicken","monthBoughtInNum":4,"price":80,"weekYearBought":16,"type":"Foods"},{"date":"2025-04-14","budgetGoal":1000,"foodName":"Chicken","monthBoughtInNum":4,"price":80,"weekYearBought":16,"type":"Foods"},{"date":"2025-04-14","budgetGoal":1000,"foodName":"Longaniza","monthBoughtInNum":4,"price":75,"weekYearBought":16,"type":"Foods"},{"date":"2025-04-14","budgetGoal":199,"foodName":"Chicken","monthBoughtInNum":4,"price":80,"weekYearBought":16,"type":"Foods"},{"date":"2025-04-14","budgetGoal":199,"foodName":"Fried Bangus","monthBoughtInNum":4,"price":85,"weekYearBought":16,"type":"Foods"},{"date":"2025-04-14","budgetGoal":199,"foodName":"Pork Sisig","monthBoughtInNum":4,"price":90,"weekYearBought":16,"type":"Foods"},{"date":"2025-04-14","budgetGoal":50,"foodName":"Beef Tapa","monthBoughtInNum":4,"price":95,"weekYearBought":16,"type":"Foods"},{"date":"2025-04-14","budgetGoal":50,"foodName":"Tuna Bread","monthBoughtInNum":4,"price":40,"weekYearBought":16,"type":"Desserts"},{"date":"2025-04-14","budgetGoal":1000,"foodName":"Beef Tapa","monthBoughtInNum":4,"price":95,"weekYearBought":16,"type":"Foods"},{"date":"2025-04-14","budgetGoal":1000,"foodName":"Tocino with Egg","monthBoughtInNum":4,"price":80,"weekYearBought":16,"type":"Foods"},{"date":"2025-04-14","budgetGoal":1000,"foodName":"Fried Bangus","monthBoughtInNum":4,"price":85,"weekYearBought":16,"type":"Foods"},{"date":"2025-04-14","budgetGoal":1000,"foodName":"Pork Sisig","monthBoughtInNum":4,"price":90,"weekYearBought":16,"type":"Foods"},{"date":"2025-04-14","budgetGoal":1000,"foodName":"Longaniza","monthBoughtInNum":4,"price":75,"weekYearBought":16,"type":"Foods"},{"date":"2025-04-14","budgetGoal":199,"foodName":"Chicken","monthBoughtInNum":4,"price":80,"weekYearBought":16,"type":"Foods"},{"date":"2025-04-14","budgetGoal":199,"foodName":"Fried Bangus","monthBoughtInNum":4,"price":85,"weekYearBought":16,"type":"Foods"},{"date":"2025-04-14","budgetGoal":199,"foodName":"Pork Sisig","monthBoughtInNum":4,"price":90,"weekYearBought":16,"type":"Foods"},{"date":"2025-04-14","budgetGoal":199,"foodName":"Rice with Egg","monthBoughtInNum":4,"price":40,"weekYearBought":16,"type":"Desserts"},{"date":"2025-04-14","budgetGoal":199,"foodName":"Tuna Bread","monthBoughtInNum":4,"price":40,"weekYearBought":16,"type":"Desserts"},{"date":"2025-04-14","budgetGoal":199,"foodName":"Mango Float","monthBoughtInNum":4,"price":40,"weekYearBought":16,"type":"Desserts"},{"date":"2025-04-14","budgetGoal":199,"foodName":"Chicken","monthBoughtInNum":4,"price":80,"weekYearBought":16,"type":"Foods"},{"date":"2025-04-14","budgetGoal":199,"foodName":"Beef Tapa","monthBoughtInNum":4,"price":95,"weekYearBought":16,"type":"Foods"},{"date":"2025-04-14","budgetGoal":50,"foodName":"Beef Tapa","monthBoughtInNum":4,"price":95,"weekYearBought":16,"type":"Foods"},{"date":"2025-04-14","budgetGoal":50,"foodName":"Fried Bangus","monthBoughtInNum":4,"price":85,"weekYearBought":16,"type":"Foods"},{"date":"2025-04-14","budgetGoal":50,"foodName":"Mango Float","monthBoughtInNum":4,"price":40,"weekYearBought":16,"type":"Desserts"},{"date":"2025-04-14","budgetGoal":50,"foodName":"Croissant","monthBoughtInNum":4,"price":40,"weekYearBought":16,"type":"Desserts"},{"date":"2025-04-14","budgetGoal":50,"foodName":"Milktea Matcha","monthBoughtInNum":4,"price":40,"weekYearBought":16,"type":"Drinks"},{"date":"2025-04-14","budgetGoal":199,"foodName":"Chicken","monthBoughtInNum":4,"price":80,"weekYearBought":16,"type":"Foods"},{"date":"2025-04-14","budgetGoal":199,"foodName":"Fried Bangus","monthBoughtInNum":4,"price":85,"weekYearBought":16,"type":"Foods"},{"date":"2025-04-14","budgetGoal":50,"foodName":"Beef Tapa","monthBoughtInNum":4,"price":95,"weekYearBought":16,"type":"Foods"},{"date":"2025-04-14","budgetGoal":50,"foodName":"Fried Bangus","monthBoughtInNum":4,"price":85,"weekYearBought":16,"type":"Foods"},{"date":"2025-04-14","budgetGoal":50,"foodName":"Longaniza","monthBoughtInNum":4,"price":75,"weekYearBought":16,"type":"Foods"},{"date":"2025-04-14","budgetGoal":50,"foodName":"Coke","monthBoughtInNum":4,"price":55,"weekYearBought":16,"type":"Drinks"},{"date":"2025-04-14","budgetGoal":50,"foodName":"Milktea Caramel","monthBoughtInNum":4,"price":40,"weekYearBought":16,"type":"Drinks"},{"date":"2025-04-14","budgetGoal":50,"foodName":"Milktea Okinawa","monthBoughtInNum":4,"price":40,"weekYearBought":16,"type":"Drinks"},{"date":"2025-04-14","budgetGoal":50,"foodName":"Banana Split","monthBoughtInNum":4,"price":40,"weekYearBought":16,"type":"Desserts"},{"date":"2025-04-14","budgetGoal":50,"foodName":"Croissant","monthBoughtInNum":4,"price":40,"weekYearBought":16,"type":"Desserts"},{"date":"2025-04-14","budgetGoal":50,"foodName":"Beef Tapa","monthBoughtInNum":4,"price":95,"weekYearBought":16,"type":"Foods"},{"date":"2025-04-14","budgetGoal":50,"foodName":"Fried Bangus","monthBoughtInNum":4,"price":85,"weekYearBought":16,"type":"Foods"},{"date":"2025-04-14","budgetGoal":50,"foodName":"Longaniza","monthBoughtInNum":4,"price":75,"weekYearBought":16,"type":"Foods"},{"date":"2025-04-14","budgetGoal":50,"foodName":"Coke","monthBoughtInNum":4,"price":55,"weekYearBought":16,"type":"Drinks"},{"date":"2025-04-14","budgetGoal":50,"foodName":"Milktea Caramel","monthBoughtInNum":4,"price":40,"weekYearBought":16,"type":"Drinks"},{"date":"2025-04-14","budgetGoal":50,"foodName":"Milktea Okinawa","monthBoughtInNum":4,"price":40,"weekYearBought":16,"type":"Drinks"},{"date":"2025-04-14","budgetGoal":50,"foodName":"Banana Split","monthBoughtInNum":4,"price":40,"weekYearBought":16,"type":"Desserts"},{"date":"2025-04-14","budgetGoal":50,"foodName":"Croissant","monthBoughtInNum":4,"price":40,"weekYearBought":16,"type":"Desserts"},{"date":"2025-04-14","budgetGoal":50,"foodName":"Chicken","monthBoughtInNum":4,"price":80,"weekYearBought":16,"type":"Foods"},{"date":"2025-04-14","budgetGoal":50,"foodName":"Fried Bangus","monthBoughtInNum":4,"price":85,"weekYearBought":16,"type":"Foods"},{"date":"2025-04-14","budgetGoal":199,"foodName":"Beef Tapa","monthBoughtInNum":4,"price":95,"weekYearBought":16,"type":"Foods"},{"date":"2025-04-14","budgetGoal":199,"foodName":"Fried Bangus","monthBoughtInNum":4,"price":85,"weekYearBought":16,"type":"Foods"},{"date":"2025-04-14","budgetGoal":199,"foodName":"Chicken","monthBoughtInNum":4,"price":80,"weekYearBought":16,"type":"Foods"},{"date":"2025-04-14","budgetGoal":199,"foodName":"Fried Bangus","monthBoughtInNum":4,"price":85,"weekYearBought":16,"type":"Foods"},{"date":"2025-04-14","budgetGoal":50,"foodName":"Beef Tapa","monthBoughtInNum":4,"price":95,"weekYearBought":16,"type":"Foods"},{"date":"2025-04-14","budgetGoal":50,"foodName":"Longaniza","monthBoughtInNum":4,"price":75,"weekYearBought":16,"type":"Foods"},{"date":"2025-04-14","budgetGoal":1000,"foodName":"Beef Tapa","monthBoughtInNum":4,"price":95,"weekYearBought":16,"type":"Foods"},{"date":"2025-04-14","budgetGoal":1000,"foodName":"Fried Bangus","monthBoughtInNum":4,"price":85,"weekYearBought":16,"type":"Foods"},{"date":"2025-04-14","budgetGoal":50,"foodName":"Beef Tapa","monthBoughtInNum":4,"price":95,"weekYearBought":16,"type":"Foods"},{"date":"2025-04-14","budgetGoal":1000,"foodName":"Chicken","monthBoughtInNum":4,"price":80,"weekYearBought":16,"type":"Foods"},{"date":"2025-04-14","budgetGoal":1000,"foodName":"Fried Bangus","monthBoughtInNum":4,"price":85,"weekYearBought":16,"type":"Foods"},{"date":"2025-04-14","budgetGoal":1000,"foodName":"Sprite","monthBoughtInNum":4,"price":40,"weekYearBought":16,"type":"Drinks"},{"date":"2025-04-14","budgetGoal":1000,"foodName":"Banana Split","monthBoughtInNum":4,"price":40,"weekYearBought":16,"type":"Desserts"},{"date":"2025-04-14","budgetGoal":1000,"foodName":"Banana Split","monthBoughtInNum":4,"price":40,"weekYearBought":16,"type":"Desserts"},{"date":"2025-04-14","budgetGoal":199,"foodName":"Pork Sisig","monthBoughtInNum":4,"price":90,"weekYearBought":16,"type":"Foods"},{"date":"2025-04-14","budgetGoal":199,"foodName":"Fried Bangus","monthBoughtInNum":4,"price":85,"weekYearBought":16,"type":"Foods"},{"date":"2025-04-14","budgetGoal":199,"foodName":"Beef Tapa","monthBoughtInNum":4,"price":95,"weekYearBought":16,"type":"Foods"},{"date":"2025-04-14","budgetGoal":50,"foodName":"Chicken","monthBoughtInNum":4,"price":80,"weekYearBought":16,"type":"Foods"},{"date":"2025-04-14","budgetGoal":50,"foodName":"Chicken","monthBoughtInNum":4,"price":80,"weekYearBought":16,"type":"Foods"},{"date":"2025-04-14","budgetGoal":199,"foodName":"Beef Tapa","monthBoughtInNum":4,"price":95,"weekYearBought":16,"type":"Foods"},{"date":"2025-04-14","budgetGoal":199,"foodName":"Fried Bangus","monthBoughtInNum":4,"price":85,"weekYearBought":16,"type":"Foods"},{"date":"2025-04-14","budgetGoal":199,"foodName":"Beef Tapa","monthBoughtInNum":4,"price":95,"weekYearBought":16,"type":"Foods"},{"date":"2025-04-14","budgetGoal":199,"foodName":"Fried Bangus","monthBoughtInNum":4,"price":85,"weekYearBought":16,"type":"Foods"},{"date":"2025-04-14","budgetGoal":199,"foodName":"Beef Tapa","monthBoughtInNum":4,"price":95,"weekYearBought":16,"type":"Foods"},{"date":"2025-04-14","budgetGoal":199,"foodName":"Fried Bangus","monthBoughtInNum":4,"price":85,"weekYearBought":16,"type":"Foods"},{"date":"2025-04-14","budgetGoal":199,"foodName":"Chicken","monthBoughtInNum":4,"price":80,"weekYearBought":16,"type":"Foods"},{"date":"2025-04-14","budgetGoal":199,"foodName":"Royal","monthBoughtInNum":4,"price":40,"weekYearBought":16,"type":"Drinks"},{"date":"2025-04-14","budgetGoal":199,"foodName":"Bulalo","monthBoughtInNum":4,"price":40,"weekYearBought":16,"type":"Foods"},{"date":"2025-04-14","budgetGoal":500,"foodName":"Lechon Kawali","monthBoughtInNum":4,"price":100,"weekYearBought":16,"type":"Foods"},{"date":"2025-04-14","budgetGoal":500,"foodName":"Sweet and Sour Pork","monthBoughtInNum":4,"price":95,"weekYearBought":16,"type":"Foods"},{"date":"2025-04-14","budgetGoal":500,"foodName":"Coke","monthBoughtInNum":4,"price":55,"weekYearBought":16,"type":"Drinks"},{"date":"2025-04-14","budgetGoal":500,"foodName":"Purple Yam","monthBoughtInNum":4,"price":40,"weekYearBought":16,"type":"Desserts"},{"date":"2025-04-14","budgetGoal":500,"foodName":"Biko","monthBoughtInNum":4,"price":40,"weekYearBought":16,"type":"Desserts"},{"date":"2025-04-14","budgetGoal":500,"foodName":"Chicken Adobo","monthBoughtInNum":4,"price":40,"weekYearBought":16,"type":"Foods"},{"date":"2025-04-14","budgetGoal":500,"foodName":"Chicken","monthBoughtInNum":4,"price":80,"weekYearBought":16,"type":"Foods"},{"date":"2025-04-14","budgetGoal":500,"foodName":"Beef Tapa","monthBoughtInNum":4,"price":95,"weekYearBought":16,"type":"Foods"},{"date":"2025-04-14","budgetGoal":500,"foodName":"Fried Bangus","monthBoughtInNum":4,"price":85,"weekYearBought":16,"type":"Foods"},{"date":"2025-04-14","budgetGoal":500,"foodName":"Longaniza","monthBoughtInNum":4,"price":75,"weekYearBought":16,"type":"Foods"},{"date":"2025-04-14","budgetGoal":500,"foodName":"Longaniza","monthBoughtInNum":4,"price":75,"weekYearBought":16,"type":"Foods"},{"date":"2025-04-15","budgetGoal":500,"foodName":"Chicken","monthBoughtInNum":4,"price":80,"weekYearBought":16,"type":"Foods"},{"date":"2025-04-15","budgetGoal":500,"foodName":"Fried Bangus","monthBoughtInNum":4,"price":85,"weekYearBought":16,"type":"Foods"},{"date":"2025-04-15","budgetGoal":500,"foodName":"Beef Tapa","monthBoughtInNum":4,"price":95,"weekYearBought":16,"type":"Foods"},{"date":"2025-04-15","budgetGoal":500,"foodName":"Beef Tapa","monthBoughtInNum":4,"price":95,"weekYearBought":16,"type":"Foods"},{"date":"2025-04-15","budgetGoal":500,"foodName":"Beef Tapa","monthBoughtInNum":4,"price":95,"weekYearBought":16,"type":"Foods"},{"date":"2025-04-15","budgetGoal":500,"foodName":"Beef Tapa","monthBoughtInNum":4,"price":95,"weekYearBought":16,"type":"Foods"},{"date":"2025-04-15","budgetGoal":500,"foodName":"Beef Tapa","monthBoughtInNum":4,"price":95,"weekYearBought":16,"type":"Foods"},{"date":"2025-04-15","budgetGoal":500,"foodName":"Beef Tapa","monthBoughtInNum":4,"price":95,"weekYearBought":16,"type":"Foods"},{"date":"2025-04-15","budgetGoal":500,"foodName":"Chicken","monthBoughtInNum":4,"price":80,"weekYearBought":16,"type":"Foods"},{"date":"2025-04-15","budgetGoal":500,"foodName":"Fried Bangus","monthBoughtInNum":4,"price":85,"weekYearBought":16,"type":"Foods"},{"date":"2025-04-15","budgetGoal":500,"foodName":"Beef Tapa","monthBoughtInNum":4,"price":95,"weekYearBought":16,"type":"Foods"},{"date":"2025-04-15","budgetGoal":500,"foodName":"Beef Tapa","monthBoughtInNum":4,"price":95,"weekYearBought":16,"type":"Foods"},{"date":"2025-04-15","budgetGoal":500,"foodName":"Longaniza","monthBoughtInNum":4,"price":75,"weekYearBought":16,"type":"Foods"},{"date":"2025-04-15","budgetGoal":500,"foodName":"Fried Bangus","monthBoughtInNum":4,"price":85,"weekYearBought":16,"type":"Foods"},{"date":"2025-04-15","budgetGoal":500,"foodName":"Chicken","monthBoughtInNum":4,"price":80,"weekYearBought":16,"type":"Foods"},{"date":"2025-04-15","budgetGoal":500,"foodName":"Beef Tapa","monthBoughtInNum":4,"price":95,"weekYearBought":16,"type":"Foods"},{"date":"2025-04-15","budgetGoal":500,"foodName":"Pork Sisig","monthBoughtInNum":4,"price":90,"weekYearBought":16,"type":"Foods"},{"date":"2025-04-15","budgetGoal":500,"foodName":"Fried Bangus","monthBoughtInNum":4,"price":85,"weekYearBought":16,"type":"Foods"},{"date":"2025-04-15","budgetGoal":500,"foodName":"Longaniza","monthBoughtInNum":4,"price":75,"weekYearBought":16,"type":"Foods"},{"date":"2025-04-15","budgetGoal":500,"foodName":"Sprite","monthBoughtInNum":4,"price":40,"weekYearBought":16,"type":"Drinks"},{"date":"2025-04-15","budgetGoal":500,"foodName":"Beef Tapa","monthBoughtInNum":4,"price":95,"weekYearBought":16,"type":"Foods"},{"date":"2025-04-15","budgetGoal":500,"foodName":"Chicken","monthBoughtInNum":4,"price":80,"weekYearBought":16,"type":"Foods"},{"date":"2025-04-15","budgetGoal":500,"foodName":"Rice with Egg","monthBoughtInNum":4,"price":40,"weekYearBought":16,"type":"Desserts"},{"date":"2025-04-15","budgetGoal":500,"foodName":"Tuna Bread","monthBoughtInNum":4,"price":40,"weekYearBought":16,"type":"Desserts"},{"date":"2025-04-15","budgetGoal":500,"foodName":"Mango Float","monthBoughtInNum":4,"price":40,"weekYearBought":16,"type":"Desserts"},{"date":"2025-04-15","budgetGoal":500,"foodName":"Coke","monthBoughtInNum":4,"price":55,"weekYearBought":16,"type":"Drinks"},{"date":"2025-04-15","budgetGoal":50,"foodName":"Chicken","monthBoughtInNum":4,"price":80,"weekYearBought":16,"type":"Foods"},{"date":"2025-04-15","budgetGoal":50,"foodName":"Beef Tapa","monthBoughtInNum":4,"price":95,"weekYearBought":16,"type":"Foods"},{"date":"2025-04-15","budgetGoal":1000,"foodName":"Beef Tapa","monthBoughtInNum":4,"price":95,"weekYearBought":16,"type":"Foods"},{"date":"2025-04-15","budgetGoal":1000,"foodName":"Fried Bangus","monthBoughtInNum":4,"price":85,"weekYearBought":16,"type":"Foods"},{"date":"2025-04-15","budgetGoal":1000,"foodName":"Longaniza","monthBoughtInNum":4,"price":75,"weekYearBought":16,"type":"Foods"},{"date":"2025-04-15","budgetGoal":1000,"foodName":"Longaniza","monthBoughtInNum":4,"price":75,"weekYearBought":16,"type":"Foods"},{"date":"2025-04-15","budgetGoal":1000,"foodName":"Longaniza","monthBoughtInNum":4,"price":75,"weekYearBought":16,"type":"Foods"},{"date":"2025-04-15","budgetGoal":1000,"foodName":"Longaniza","monthBoughtInNum":4,"price":75,"weekYearBought":16,"type":"Foods"},{"date":"2025-04-15","budgetGoal":1000,"foodName":"Longaniza","monthBoughtInNum":4,"price":75,"weekYearBought":16,"type":"Foods"},{"date":"2025-04-15","budgetGoal":1000,"foodName":"Longaniza","monthBoughtInNum":4,"price":75,"weekYearBought":16,"type":"Foods"},{"date":"2025-04-15","budgetGoal":1000,"foodName":"Longaniza","monthBoughtInNum":4,"price":75,"weekYearBought":16,"type":"Foods"},{"date":"2025-04-19","budgetGoal":50,"foodName":"Beef Tapa","monthBoughtInNum":4,"price":95,"weekYearBought":16,"type":"Foods"}]}