{

    "foods": [
        {
            "imagePath": "/foodImages/pizza.png",
            "foodName": "Chicken",
            "foodType" : "Foods",
            "foodPrice": 80,
            "amountBought": 80
        },
        {
            "imagePath": "/foodImages/pizza.png",
            "foodName": "Pork Sisig",
            "foodType" : "Foods",
            "foodPrice": 90,
            "amountBought": 200
        },
        {
            "imagePath": "/foodImages/pizza.png",
            "foodName": "Fish Fillet",
            "foodType" : "Foods",
            "foodPrice": 99,
            "amountBought": 200
        },
        {
            "imagePath": "/foodImages/pizza.png",
            "foodName": "Beef Tapa",
            "foodType" : "Foods",
            "foodPrice": 95,
            "amountBought": 150
        }
        , {
            "imagePath": "/foodImages/pizza.png",
            "foodName": "Longaniza",
            "foodType" : "Foods",
            "foodPrice": 75,
            "amountBought": 200
        }
        , {
            "imagePath": "/foodImages/pizza.png",
            "foodName": "Fried Bangus",
            "foodType" : "Foods",
            "foodPrice": 85,
            "amountBought": 200
        }
        , {
            "imagePath": "/foodImages/pizza.png",
            "foodName": "Tocino with Egg",
            "foodType" : "Foods",
            "foodPrice": 80,
            "amountBought": 250
        },
        {
            "imagePath": "/foodImages/pizza.png",
            "foodName": "Lechon Kawali",
            "foodType" : "Foods",
            "foodPrice": 100,
            "amountBought": 250
        },
        {
            "imagePath": "/foodImages/pizza.png",
            "foodName": "Sweet and Sour Pork",
            "foodPrice": 95,
            "foodType" : "Foods",
            "amountBought": 250
        },
        {
            "imagePath": "/foodImages/pizza.png",
            "foodName": "Rice with Egg",
            "foodPrice": 40,
            "foodType" : "Foods",
            "amountBought": 450
        },
        {
            "imagePath": "/foodImages/pizza.png",
            "foodName": "Pork Adobo",
            "foodType" : "Foods",
            "foodPrice": 40,
            "amountBought": 450
        },
        {
            "imagePath": "/foodImages/pizza.png",
            "foodName": "Chicken Adobo",
            "foodType" : "Foods",
            "foodPrice": 40,
            "amountBought": 450
        },
        {
            "imagePath": "/foodImages/pizza.png",
            "foodName": "Bulalo",
            "foodType" : "Foods",
            "foodPrice": 40,
            "amountBought": 450
        },
        {
            "imagePath": "/foodImages/pizza.png",
            "foodName": "Batchoy",
            "foodType" : "Foods",
            "foodPrice": 40,
            "amountBought": 450
        }
    ]
    ,
    "drinks": [
        {
            "imagePath": "/foodImages/pizza.png",
            "foodName": "Coke",
            "foodType" : "Drinks",
            "foodPrice": 55,
            "amountBought": 450
        },
        {
            "imagePath": "/foodImages/pizza.png",
            "foodName": "Sprite",
            "foodType" : "Drinks",
            "foodPrice": 40,
            "amountBought": 450
        },
        {
            "imagePath": "/foodImages/pizza.png",
            "foodName": "Milktea Matcha",
            "foodType" : "Drinks",
            "foodPrice": 40,
            "amountBought": 450
        },
        {
            "imagePath": "/foodImages/pizza.png",
            "foodName": "Milktea Red Velvet",
            "foodType" : "Drinks",
            "foodPrice": 40,
            "amountBought": 450
        },
        {
            "imagePath": "/foodImages/pizza.png",
            "foodName": "Milktea Okinawa",
            "foodType" : "Drinks",
            "foodPrice": 40,
            "amountBought": 450
        },
        {
            "imagePath": "/foodImages/pizza.png",
            "foodName": "Milktea Caramel",
            "foodType" : "Drinks",
            "foodPrice": 40,
            "amountBought": 450
        },
        {
            "imagePath": "/foodImages/pizza.png",
            "foodName": "iced Cappucino",
            "foodType" : "Drinks",
            "foodPrice": 40,
            "amountBought": 450
        },
        {
            "imagePath": "/foodImages/pizza.png",
            "foodName": "Royal",
            "foodType" : "Drinks",
            "foodPrice": 40,
            "amountBought": 450
        },
        {
            "imagePath": "/foodImages/pizza.png",
            "foodName": "Pepsi",
            "foodType" : "Drinks",
            "foodPrice": 40,
            "amountBought": 450
        },
        {
            "imagePath": "/foodImages/pizza.png",
            "foodName": "Mountain Dew",
            "foodType" : "Drinks",
            "foodPrice": 40,
            "amountBought": 450
        },
        {
            "imagePath": "/foodImages/pizza.png",
            "foodName": "C2 Green",
            "foodType" : "Drinks",
            "foodPrice": 40,
            "amountBought": 450
        },
        {
            "imagePath": "/foodImages/pizza.png",
            "foodName": "Orange Juice",
            "foodType" : "Drinks",
            "foodPrice": 40,
            "amountBought": 450
        },
        {
            "imagePath": "/foodImages/pizza.png",
            "foodName": "Minuite Made",
            "foodType" : "Drinks",
            "foodPrice": 40,
            "amountBought": 450
        } 
    ],
    "desserts": [
        {
            "imagePath": "/foodImages/pizza.png",
            "foodName": "Mango Float",
            "foodType" : "Desserts",
            "foodPrice": 40,
            "amountBought": 450
        },
        {
            "imagePath": "/foodImages/pizza.png",
            "foodName": "Rice with Egg",
            "foodType" : "Desserts",
            "foodPrice": 40,
            "amountBought": 450
        },
        {
            "imagePath": "/foodImages/pizza.png",
            "foodName": "Banana Split",
            "foodType" : "Desserts",
            "foodPrice": 40,
            "amountBought": 450
        },
        {
            "imagePath": "/foodImages/pizza.png",
            "foodName": "Pizza",
            "foodType" : "Desserts",
            "foodPrice": 40,
            "amountBought": 450
        },
        {
            "imagePath": "/foodImages/pizza.png",
            "foodName": "Tuna Bread",
            "foodType" : "Desserts",
            "foodPrice": 40,
            "amountBought": 450
        },
        {
            "imagePath": "/foodImages/pizza.png",
            "foodName": "Croissant",
            "foodType" : "Desserts",
            "foodPrice": 40,
            "amountBought": 450
        },
        {
            "imagePath": "/foodImages/pizza.png",
            "foodName": "Donut",
            "foodType" : "Desserts",
            "foodPrice": 40,
            "amountBought": 450
        },
        {
            "imagePath": "/foodImages/pizza.png",
            "foodName": "Halo Halo",
            "foodType" : "Desserts",
            "foodPrice": 40,
            "amountBought": 450
        },
        {
            "imagePath": "/foodImages/pizza.png",
            "foodName": "Frappe",
            "foodType" : "Desserts",
            "foodPrice": 40,
            "amountBought": 450
        },
        {
            "imagePath": "/foodImages/pizza.png",
            "foodName": "Biko",
            "foodType" : "Desserts",
            "foodPrice": 40,
            "amountBought": 450
        },
        {
            "imagePath": "/foodImages/pizza.png",
            "foodName": "Purple Yam",
            "foodType" : "Desserts",
            "foodPrice": 40,
            "amountBought": 450
        }
    ]
}